@context,@id,@owner,@signature,@type,relationType,source,target
http://schema.cassproject.org/0.3,https://sandbox.cassproject.org/api/custom/data/schema.cassproject.org.0.3.Relation/f820269e-1fbb-4918-9871-b5eddf840ee4/1522269830979,-----BEGIN PUBLIC KEY-----MIIBIjANBgkqhkiG9w0BAQEFAAOCAQ8AMIIBCgKCAQEApTxgJ6CusNFf2G07gZuMmLvPjeQnY/35pX52YN+s1o48fAHT45ryLMfHnPKPBPr6KEmHtt4vQNsh5gvx8AjpHxAltKPDqe93As8ojKVEdM30VIqImM2raBuXgbJRpuUdynVCM94+uFaeSdQhvTgGoWt0qqsJ8xlaNFMEm0Bm8ExfXSRMA+8B7oFuG6qAqW3LhwRwUhbaDLqcs5kHle4jB3PaSVLGppGWNXhpzzVM9Dt4BFKyDRKiRLf8mEkInG+VyFC0YWKQdazoe8wVVHyJD5FEVB9ptqT0PcVeU3uEip1dAtSOMoSSmCIvasS+XuNIyd6pi3QlW8jTlemqELgUcwIDAQAB-----END PUBLIC KEY-----,MpNRumWxdxLrgaxZ+tECYhPdyLAYMOkZeQVQ/J0n3ik6vwFPbl+tivDRRL1knrR8PjS2jTUhePhi7Q1hQhCQa3bjCzQ+TPn5uDPMbrwK+LdQy4FdevGYVisKoz6204mEFeLGUIJQQCnk0Yg6qmhT2QvFGzOcTYluRfa3mZ8373FXIkP8vCFJSCri18xAorGTMbwBkp6nmiy3L83nk1GXQn9baJG9L8ampuDlUyu5ehYiWGJxA6pQ5PQKruXfGn+chzP36qezRyOFrOkUZ9rdGeYqkiAT5idO+UnspOsQaljEmSTnH8IHGODVzKltt0NRqzrP7ND125NJKln55Zkd9g==,Relation,narrows,https://sandbox.cassproject.org/api/custom/data/schema.cassproject.org.0.3.Competency/0f157828-460d-4bb6-b9e9-4f109b14a19a,https://sandbox.cassproject.org/api/custom/data/schema.cassproject.org.0.3.Competency/ed871e64-4af5-4b54-ad18-3cd937452888
http://schema.cassproject.org/0.3,https://sandbox.cassproject.org/api/custom/data/schema.cassproject.org.0.3.Relation/30bc1d0e-970b-4edb-82a2-e66b51d2a816/1522269834356,-----BEGIN PUBLIC KEY-----MIIBIjANBgkqhkiG9w0BAQEFAAOCAQ8AMIIBCgKCAQEApTxgJ6CusNFf2G07gZuMmLvPjeQnY/35pX52YN+s1o48fAHT45ryLMfHnPKPBPr6KEmHtt4vQNsh5gvx8AjpHxAltKPDqe93As8ojKVEdM30VIqImM2raBuXgbJRpuUdynVCM94+uFaeSdQhvTgGoWt0qqsJ8xlaNFMEm0Bm8ExfXSRMA+8B7oFuG6qAqW3LhwRwUhbaDLqcs5kHle4jB3PaSVLGppGWNXhpzzVM9Dt4BFKyDRKiRLf8mEkInG+VyFC0YWKQdazoe8wVVHyJD5FEVB9ptqT0PcVeU3uEip1dAtSOMoSSmCIvasS+XuNIyd6pi3QlW8jTlemqELgUcwIDAQAB-----END PUBLIC KEY-----,M2wvoui85KgZD684cXodYqUeNSDhRPSSSTeGQQKhK+Bteii8y8BxHTmrhhi/jnvyDHri2oIKmW7eOl4Za0gphsT8tF2oPD55PBGNgqLgsykrnNhN0J056Loc3XdnGlP7lLt0kh0rR3UprvK3G8Xzzp0kDljTmLj/JT7eyjqcJvtbTMS9nHNn7gR/pSDkcZbbkKfrvzxAvtl5BPCBDKfwF64jn3TyR56RPLrUhiMCFPETyBQXW07fXoravRp31PfihnZhxpxSl7GeeG+d9CT2jXojsW1mjKBNk5oRq5clwjHvv2Gp6VqDbPY5Pq6URdyhjNuLTi5gJa4LyQAF5FQ9fg==,Relation,narrows,https://sandbox.cassproject.org/api/custom/data/schema.cassproject.org.0.3.Competency/db23fc42-473e-40ef-aabc-27cd43042980,https://sandbox.cassproject.org/api/custom/data/schema.cassproject.org.0.3.Competency/ed871e64-4af5-4b54-ad18-3cd937452888
http://schema.cassproject.org/0.3,https://sandbox.cassproject.org/api/custom/data/schema.cassproject.org.0.3.Relation/5c31b85f-0777-42d3-9c2d-9aa7b610ce2a/1522269837623,-----BEGIN PUBLIC KEY-----MIIBIjANBgkqhkiG9w0BAQEFAAOCAQ8AMIIBCgKCAQEApTxgJ6CusNFf2G07gZuMmLvPjeQnY/35pX52YN+s1o48fAHT45ryLMfHnPKPBPr6KEmHtt4vQNsh5gvx8AjpHxAltKPDqe93As8ojKVEdM30VIqImM2raBuXgbJRpuUdynVCM94+uFaeSdQhvTgGoWt0qqsJ8xlaNFMEm0Bm8ExfXSRMA+8B7oFuG6qAqW3LhwRwUhbaDLqcs5kHle4jB3PaSVLGppGWNXhpzzVM9Dt4BFKyDRKiRLf8mEkInG+VyFC0YWKQdazoe8wVVHyJD5FEVB9ptqT0PcVeU3uEip1dAtSOMoSSmCIvasS+XuNIyd6pi3QlW8jTlemqELgUcwIDAQAB-----END PUBLIC KEY-----,EqOeIe/2CxlBifSd7+AomOPFihTrixZCaFzVw80PkzgVJ1cmIBG8BUZdxM1fxRqNxoriz/lPxY3Oiz2SPAaanB/XwbAXK355gC/Djq5zeBQnVqeKIu0oEVjt3/q+Stbmj9CJAIjv7vXZLvYHjVCfCPs6BaWs2GqPol9GOpbMkz/bS7D6gp8kzGjRs7Kr4Rd2IZ7QgtUN2GSdEe3/YjJvhEZKDq8/+Viyw4L7LOJliTjfX1LAyCWtuBurIpvPNw6KlCerUPiL8t2erGMVti3BkwCyxmJkIL8ctVhsB595BWVWZQb7QPHjNnFGIjjXKcfYRD/T3EyQ31ABIbEaaQC6gA==,Relation,narrows,https://sandbox.cassproject.org/api/custom/data/schema.cassproject.org.0.3.Competency/22c152bd-2142-40aa-86fd-dde903ea6c36,https://sandbox.cassproject.org/api/custom/data/schema.cassproject.org.0.3.Competency/ed871e64-4af5-4b54-ad18-3cd937452888
http://schema.cassproject.org/0.3,https://sandbox.cassproject.org/api/custom/data/schema.cassproject.org.0.3.Relation/45a834b5-5f65-41f4-96e9-60363d79f85f/1522269839976,-----BEGIN PUBLIC KEY-----MIIBIjANBgkqhkiG9w0BAQEFAAOCAQ8AMIIBCgKCAQEApTxgJ6CusNFf2G07gZuMmLvPjeQnY/35pX52YN+s1o48fAHT45ryLMfHnPKPBPr6KEmHtt4vQNsh5gvx8AjpHxAltKPDqe93As8ojKVEdM30VIqImM2raBuXgbJRpuUdynVCM94+uFaeSdQhvTgGoWt0qqsJ8xlaNFMEm0Bm8ExfXSRMA+8B7oFuG6qAqW3LhwRwUhbaDLqcs5kHle4jB3PaSVLGppGWNXhpzzVM9Dt4BFKyDRKiRLf8mEkInG+VyFC0YWKQdazoe8wVVHyJD5FEVB9ptqT0PcVeU3uEip1dAtSOMoSSmCIvasS+XuNIyd6pi3QlW8jTlemqELgUcwIDAQAB-----END PUBLIC KEY-----,Yt+HAUKlV7hkaRhobC29x2BmiGL2uhMxRaKzYYAWgOODh6+VQEzEPcXwWUzU+cAtJy3g22hElBiwVuIpRK8BiC8v2biO8oxRNMT6nyTZ7Kag3LvgUdeBesNlZjAeLKUhNhMS4z7g2pxQMnzPS3zSiYSd07aISoeCaJ8xHzHxri9vzF60W40yDSJW3V40Tcfm7J3I0zZHSvexmpc9LF4zd/OalN19zaqqEATfZ78nXPOGDcd3lihirhs5lExSjtkRSNOY6WEbyRmeLa/ZAIpTpx/uWUK0leg6YMHc8w+/V0VmTj/kDFDwAZ0qDuWswCvjLxmSP9GlyXKWEXjrtF5/Ww==,Relation,narrows,https://sandbox.cassproject.org/api/custom/data/schema.cassproject.org.0.3.Competency/200a974e-85a1-4dfa-aeb6-799336d8fd0c,https://sandbox.cassproject.org/api/custom/data/schema.cassproject.org.0.3.Competency/ed871e64-4af5-4b54-ad18-3cd937452888
http://schema.cassproject.org/0.3,https://sandbox.cassproject.org/api/custom/data/schema.cassproject.org.0.3.Relation/e4a7a634-9b79-4f35-84c0-47acdba54fe8/1522270280357,-----BEGIN PUBLIC KEY-----MIIBIjANBgkqhkiG9w0BAQEFAAOCAQ8AMIIBCgKCAQEApTxgJ6CusNFf2G07gZuMmLvPjeQnY/35pX52YN+s1o48fAHT45ryLMfHnPKPBPr6KEmHtt4vQNsh5gvx8AjpHxAltKPDqe93As8ojKVEdM30VIqImM2raBuXgbJRpuUdynVCM94+uFaeSdQhvTgGoWt0qqsJ8xlaNFMEm0Bm8ExfXSRMA+8B7oFuG6qAqW3LhwRwUhbaDLqcs5kHle4jB3PaSVLGppGWNXhpzzVM9Dt4BFKyDRKiRLf8mEkInG+VyFC0YWKQdazoe8wVVHyJD5FEVB9ptqT0PcVeU3uEip1dAtSOMoSSmCIvasS+XuNIyd6pi3QlW8jTlemqELgUcwIDAQAB-----END PUBLIC KEY-----,JPooP701wVdX4jBb9FMqrvOzVpnWk01n1s2BN0VqKxE+8s0AidlRVKpoGWIRU4AGIyuyovlNzsoB0xNjgIfEPZxlvw7H115abmBMJTzGMqI2mOxw5QIYrEE9ELT4yqyT9H6y/np6k6FuPxSK/YFA+mMG5dpCfnr5RxxGFO4QrBgDJHydJvn82UBhfprQDmRhthzvJznRQ8/TTG7xqvZJC/RDOpuPG+Jt+RCWiAZPhgD/eWsHv90vSxNMzOGRzlSe5T7OKB0uAsWPCPf9cPDLdcDy1lNpEagJUYKOIh+tE+tEHxrvtOhy7yzow7MXKPAuushq1JCne9IqsVatKheEjQ==,Relation,narrows,https://sandbox.cassproject.org/api/custom/data/schema.cassproject.org.0.3.Competency/3be571db-2d02-482e-aa1e-655b5fa0ee93,https://sandbox.cassproject.org/api/custom/data/schema.cassproject.org.0.3.Competency/00ed3d59-3afb-4e5b-9842-0251c7965a0b
http://schema.cassproject.org/0.3,https://sandbox.cassproject.org/api/custom/data/schema.cassproject.org.0.3.Relation/ae4596fe-d641-4ee3-98f2-7ecccf0a3596/1522270291357,-----BEGIN PUBLIC KEY-----MIIBIjANBgkqhkiG9w0BAQEFAAOCAQ8AMIIBCgKCAQEApTxgJ6CusNFf2G07gZuMmLvPjeQnY/35pX52YN+s1o48fAHT45ryLMfHnPKPBPr6KEmHtt4vQNsh5gvx8AjpHxAltKPDqe93As8ojKVEdM30VIqImM2raBuXgbJRpuUdynVCM94+uFaeSdQhvTgGoWt0qqsJ8xlaNFMEm0Bm8ExfXSRMA+8B7oFuG6qAqW3LhwRwUhbaDLqcs5kHle4jB3PaSVLGppGWNXhpzzVM9Dt4BFKyDRKiRLf8mEkInG+VyFC0YWKQdazoe8wVVHyJD5FEVB9ptqT0PcVeU3uEip1dAtSOMoSSmCIvasS+XuNIyd6pi3QlW8jTlemqELgUcwIDAQAB-----END PUBLIC KEY-----,Sop127aGfnoJj3WH3jb56SfdGjI8exAyXdXwki8brr3catjH0TYbJDr2nFBBb3WsdSFfnGwT9hpOonsVnntfQKjh5kReLl1nNwcv1JNYtsGGEa50O1rkj29JbJjEG2xSST7d2FDFYVkBh9tFIozBvM+T7ULLExPHWKoP5VJz9iGC55xTerEmBBIrsdGZZyBmVVVekzq880Rous3YE80Yhr4V0N4cx0vaqRIip+dfEBfFKgDAKeTmiNckl6x4bqgwb/5Uk6OEfokZwyrGpElJ2zbpSYPkT/6BtsnzdwNNSup2HBfYXn63HXJ1HGbfc6oX/RyJoS30dNyflf3PxUGwnw==,Relation,narrows,https://sandbox.cassproject.org/api/custom/data/schema.cassproject.org.0.3.Competency/9a558235-48a5-499a-94e1-be33642422eb,https://sandbox.cassproject.org/api/custom/data/schema.cassproject.org.0.3.Competency/00ed3d59-3afb-4e5b-9842-0251c7965a0b
http://schema.cassproject.org/0.3,https://sandbox.cassproject.org/api/custom/data/schema.cassproject.org.0.3.Relation/96a1e24e-7197-48bb-b67b-1a7901a25462/1522270301844,-----BEGIN PUBLIC KEY-----MIIBIjANBgkqhkiG9w0BAQEFAAOCAQ8AMIIBCgKCAQEApTxgJ6CusNFf2G07gZuMmLvPjeQnY/35pX52YN+s1o48fAHT45ryLMfHnPKPBPr6KEmHtt4vQNsh5gvx8AjpHxAltKPDqe93As8ojKVEdM30VIqImM2raBuXgbJRpuUdynVCM94+uFaeSdQhvTgGoWt0qqsJ8xlaNFMEm0Bm8ExfXSRMA+8B7oFuG6qAqW3LhwRwUhbaDLqcs5kHle4jB3PaSVLGppGWNXhpzzVM9Dt4BFKyDRKiRLf8mEkInG+VyFC0YWKQdazoe8wVVHyJD5FEVB9ptqT0PcVeU3uEip1dAtSOMoSSmCIvasS+XuNIyd6pi3QlW8jTlemqELgUcwIDAQAB-----END PUBLIC KEY-----,KVrCNQifTcByJ3+NbSA4jCvy+urvZhskMHwZXhVIe8/mu7whmlBCSf+CwjVbZGBng05F5fDlMyWxUk1HyT9wuaj9xvcV+fcXhgHEc+YI5AQL1LmF6rTZyoWrqvjJmQ88Kh2482uxlqAM3wa9oMYxpn+BLo9mPqHLl9NpPAQhnUDv1Cv6V1EK9/eX6/X9ZcOjU3Du6mTHGIyEjYZETcQTIj7knU4MSELDTWKeOP//MTtbmz66cNu8e3mZt4m2Ei+yWw2odHvsmRlQxGm0re2vYzRYTvC4yTrZRP1OtUo8Jn0KgTyWnvleBEyG8eO5Fx8Qm2B9scDlMCw61K2agV0qVA==,Relation,narrows,https://sandbox.cassproject.org/api/custom/data/schema.cassproject.org.0.3.Competency/b524a8d6-9386-4f79-8179-02f555a7494f,https://sandbox.cassproject.org/api/custom/data/schema.cassproject.org.0.3.Competency/00ed3d59-3afb-4e5b-9842-0251c7965a0b
http://schema.cassproject.org/0.3,https://sandbox.cassproject.org/api/custom/data/schema.cassproject.org.0.3.Relation/8d2bd68e-1c40-4dda-9403-1b3e563b2a65/1522270308415,-----BEGIN PUBLIC KEY-----MIIBIjANBgkqhkiG9w0BAQEFAAOCAQ8AMIIBCgKCAQEApTxgJ6CusNFf2G07gZuMmLvPjeQnY/35pX52YN+s1o48fAHT45ryLMfHnPKPBPr6KEmHtt4vQNsh5gvx8AjpHxAltKPDqe93As8ojKVEdM30VIqImM2raBuXgbJRpuUdynVCM94+uFaeSdQhvTgGoWt0qqsJ8xlaNFMEm0Bm8ExfXSRMA+8B7oFuG6qAqW3LhwRwUhbaDLqcs5kHle4jB3PaSVLGppGWNXhpzzVM9Dt4BFKyDRKiRLf8mEkInG+VyFC0YWKQdazoe8wVVHyJD5FEVB9ptqT0PcVeU3uEip1dAtSOMoSSmCIvasS+XuNIyd6pi3QlW8jTlemqELgUcwIDAQAB-----END PUBLIC KEY-----,pRssbw+iY7MmimtJlK+IvIua0OLDrnDC0TJX9xXdUeq93vurplxB2WAJS5PYUpP09UA08NCOpSCZ0hWmM+FW7bHaBPwTpPYqdM+qNA7816Gq6s3FQY6GZkTl/80Y+eixCa3GpzA+4A26X77UBM/IftBLxU8kq0WBiwLn3y8SL6z+t40N6mhjFEDExgXivgxL9z80iY+JjibEdjN0QJtbkhaFFAus+Z6fvEnKFzs+qyprDEuZbZGCxfnqxLGMrH/FIebM2zy3QJu10laIeopX/sO/K1yra9tuS3GNU1kkSXIz2BSk4ihquuxUTJJ7uPpVXrm05GX8l5RmFsfyc3mWKA==,Relation,narrows,https://sandbox.cassproject.org/api/custom/data/schema.cassproject.org.0.3.Competency/b20e7962-e216-44ba-8e45-52db11679983,https://sandbox.cassproject.org/api/custom/data/schema.cassproject.org.0.3.Competency/00ed3d59-3afb-4e5b-9842-0251c7965a0b
http://schema.cassproject.org/0.3,https://sandbox.cassproject.org/api/custom/data/schema.cassproject.org.0.3.Relation/d12f2411-6d95-467c-9ee7-d4afdecee0a5/1522270329143,-----BEGIN PUBLIC KEY-----MIIBIjANBgkqhkiG9w0BAQEFAAOCAQ8AMIIBCgKCAQEApTxgJ6CusNFf2G07gZuMmLvPjeQnY/35pX52YN+s1o48fAHT45ryLMfHnPKPBPr6KEmHtt4vQNsh5gvx8AjpHxAltKPDqe93As8ojKVEdM30VIqImM2raBuXgbJRpuUdynVCM94+uFaeSdQhvTgGoWt0qqsJ8xlaNFMEm0Bm8ExfXSRMA+8B7oFuG6qAqW3LhwRwUhbaDLqcs5kHle4jB3PaSVLGppGWNXhpzzVM9Dt4BFKyDRKiRLf8mEkInG+VyFC0YWKQdazoe8wVVHyJD5FEVB9ptqT0PcVeU3uEip1dAtSOMoSSmCIvasS+XuNIyd6pi3QlW8jTlemqELgUcwIDAQAB-----END PUBLIC KEY-----,G6UnZMDjaM/M/i7F8qTy8VDj9fxYC8OTRLb4ZZxjkVeXbfSLPC8SNdn3bs4ddlP4rGKNYeFBqEHNrA1zRFc5PVuVBPqSVcAaLWq77ptAjKiEDRShq/N1w2cMysjPMLNjgcVxFj0WiRfurlAEyb1cd9ENPbexhvDoggpyNdzQuZHJWo/x5hBxTr34dwdzDvuSUMPhS3MGbi3kwrNVbJXgygaH/9mQoc2agN/vC6kACS8gWyMDepdBou0RRpZm68uBCp0PV0TaUapDsfo4HBbUjV5bcpxr2y1qCaeksAb9PPyFqyPMMeAAZY/2g2yjjWOgOtAh6GsmIAZPK7VwiP1tnw==,Relation,narrows,https://sandbox.cassproject.org/api/custom/data/schema.cassproject.org.0.3.Competency/888a1f22-455e-483b-aeca-3e334ab10cde,https://sandbox.cassproject.org/api/custom/data/schema.cassproject.org.0.3.Competency/93dabc4c-a24f-436a-9d2e-2a2b9a94ec68
http://schema.cassproject.org/0.3,https://sandbox.cassproject.org/api/custom/data/schema.cassproject.org.0.3.Relation/18ac0ab0-1b78-444b-a260-54b4038436eb/1522270338248,-----BEGIN PUBLIC KEY-----MIIBIjANBgkqhkiG9w0BAQEFAAOCAQ8AMIIBCgKCAQEApTxgJ6CusNFf2G07gZuMmLvPjeQnY/35pX52YN+s1o48fAHT45ryLMfHnPKPBPr6KEmHtt4vQNsh5gvx8AjpHxAltKPDqe93As8ojKVEdM30VIqImM2raBuXgbJRpuUdynVCM94+uFaeSdQhvTgGoWt0qqsJ8xlaNFMEm0Bm8ExfXSRMA+8B7oFuG6qAqW3LhwRwUhbaDLqcs5kHle4jB3PaSVLGppGWNXhpzzVM9Dt4BFKyDRKiRLf8mEkInG+VyFC0YWKQdazoe8wVVHyJD5FEVB9ptqT0PcVeU3uEip1dAtSOMoSSmCIvasS+XuNIyd6pi3QlW8jTlemqELgUcwIDAQAB-----END PUBLIC KEY-----,dyrkJenNsxzI4vLHDFvu7vgPTnbrUaizfIAcDN948d4fqVRQY+g4dKbst1MSAlxAWYiclDo+MDO7Xd2G4Tel+UWd0RlIiakcvEPMPYG54wOJ6JPwlKKoUVmP5YXwCOzrF4b2s47aM1D1QmBZiYKOeBrPpvMwJUrh08VWe0LA7MS4tWBGVyIDfjdBulH0kRFAi41jhDKxJ28ES7XWCJsA640LGDSlaUcN3Injo4Yet/1gZULyIIb+/curpTBehGOQKblwpgR/IkWZXkxxSoS07ogeAc1RLWsM/1hNPDdJkYtPe4NG6IZR9SkaJN2pi6i3uMEnIioc4geOgcuQkz3vTQ==,Relation,narrows,https://sandbox.cassproject.org/api/custom/data/schema.cassproject.org.0.3.Competency/6e906ca9-8322-446d-9cf3-6955bcddba3a,https://sandbox.cassproject.org/api/custom/data/schema.cassproject.org.0.3.Competency/93dabc4c-a24f-436a-9d2e-2a2b9a94ec68
http://schema.cassproject.org/0.3,https://sandbox.cassproject.org/api/custom/data/schema.cassproject.org.0.3.Relation/d9b3ed62-ab96-43b9-a626-c5bf56fd67f1/1522270343919,-----BEGIN PUBLIC KEY-----MIIBIjANBgkqhkiG9w0BAQEFAAOCAQ8AMIIBCgKCAQEApTxgJ6CusNFf2G07gZuMmLvPjeQnY/35pX52YN+s1o48fAHT45ryLMfHnPKPBPr6KEmHtt4vQNsh5gvx8AjpHxAltKPDqe93As8ojKVEdM30VIqImM2raBuXgbJRpuUdynVCM94+uFaeSdQhvTgGoWt0qqsJ8xlaNFMEm0Bm8ExfXSRMA+8B7oFuG6qAqW3LhwRwUhbaDLqcs5kHle4jB3PaSVLGppGWNXhpzzVM9Dt4BFKyDRKiRLf8mEkInG+VyFC0YWKQdazoe8wVVHyJD5FEVB9ptqT0PcVeU3uEip1dAtSOMoSSmCIvasS+XuNIyd6pi3QlW8jTlemqELgUcwIDAQAB-----END PUBLIC KEY-----,EQZM4P19hM6b8XZ6D/QRB+FOWQHsvKipQxEwAnSmWU+i0NtXukpAilsHqOyslL8TMXE9tG76/Y1JEE24XpLD3MbRbIJk+S1QKQH339ybUfXFIZP4uNEWc2QzV1RYF+yYMfMB9JVk9sL1hb0MBDWDAqy9GqulnVYdNaADz0qCMbh6P+EK91CNPKMrjPcUwxD6EYqW8Ak1Di5tSdjupn28fVrOJ4mf694sGgeUvZmuQAh5Cr7SAG1S5CzS+z+zTNEovSvqHXfEiygK9M/BI0aTC+2F5egwJJ27ylRTT8UtUf3kqpscT2NZW5yiPaU8ahQE9r8diCMUc4F6tYLYyQOiwA==,Relation,narrows,https://sandbox.cassproject.org/api/custom/data/schema.cassproject.org.0.3.Competency/f02d2b55-9b0f-479e-978b-ae48832ff3c6,https://sandbox.cassproject.org/api/custom/data/schema.cassproject.org.0.3.Competency/93dabc4c-a24f-436a-9d2e-2a2b9a94ec68
http://schema.cassproject.org/0.3,https://sandbox.cassproject.org/api/custom/data/schema.cassproject.org.0.3.Relation/3349b84d-f243-4312-9c0b-69259cbfdc51/1522270349156,-----BEGIN PUBLIC KEY-----MIIBIjANBgkqhkiG9w0BAQEFAAOCAQ8AMIIBCgKCAQEApTxgJ6CusNFf2G07gZuMmLvPjeQnY/35pX52YN+s1o48fAHT45ryLMfHnPKPBPr6KEmHtt4vQNsh5gvx8AjpHxAltKPDqe93As8ojKVEdM30VIqImM2raBuXgbJRpuUdynVCM94+uFaeSdQhvTgGoWt0qqsJ8xlaNFMEm0Bm8ExfXSRMA+8B7oFuG6qAqW3LhwRwUhbaDLqcs5kHle4jB3PaSVLGppGWNXhpzzVM9Dt4BFKyDRKiRLf8mEkInG+VyFC0YWKQdazoe8wVVHyJD5FEVB9ptqT0PcVeU3uEip1dAtSOMoSSmCIvasS+XuNIyd6pi3QlW8jTlemqELgUcwIDAQAB-----END PUBLIC KEY-----,XEep3jNZJ9ipcKkEBxtwjbM31Ic7QhnreDa3Bq46xichaEiVPdpRfB8dpRNCK2yJf0SICPdZppmtuabsVN+D+RGFo9UmjohalBuzYD2dF8K4aPKZ3Uw82PvXVapzwq6PMJRQ9BkRqGpoVfjK5fKJEnQ15zn8LyAIq+B+H2hWqOttw6zUywVU6IGaFBxJ+klbA55JyNsoAY1EpolG3WKIl5MhqAD9nNL+iJszpuoIR5hq82wfVKmeaumtJ96gmWTrCxcLquos2CReF09huscybNtgHlPdMvdzeBrnSW2AGxCorhWiaqOTKSauaoRC6oRXkNbgvpdl60VmO/LOVL/E2g==,Relation,narrows,https://sandbox.cassproject.org/api/custom/data/schema.cassproject.org.0.3.Competency/0d5adf0d-9b9b-478f-b07a-15cf539c65a8,https://sandbox.cassproject.org/api/custom/data/schema.cassproject.org.0.3.Competency/93dabc4c-a24f-436a-9d2e-2a2b9a94ec68
http://schema.cassproject.org/0.3,https://sandbox.cassproject.org/api/custom/data/schema.cassproject.org.0.3.Relation/739034bc-b8f8-44aa-a955-6279d00f2751/1522270354106,-----BEGIN PUBLIC KEY-----MIIBIjANBgkqhkiG9w0BAQEFAAOCAQ8AMIIBCgKCAQEApTxgJ6CusNFf2G07gZuMmLvPjeQnY/35pX52YN+s1o48fAHT45ryLMfHnPKPBPr6KEmHtt4vQNsh5gvx8AjpHxAltKPDqe93As8ojKVEdM30VIqImM2raBuXgbJRpuUdynVCM94+uFaeSdQhvTgGoWt0qqsJ8xlaNFMEm0Bm8ExfXSRMA+8B7oFuG6qAqW3LhwRwUhbaDLqcs5kHle4jB3PaSVLGppGWNXhpzzVM9Dt4BFKyDRKiRLf8mEkInG+VyFC0YWKQdazoe8wVVHyJD5FEVB9ptqT0PcVeU3uEip1dAtSOMoSSmCIvasS+XuNIyd6pi3QlW8jTlemqELgUcwIDAQAB-----END PUBLIC KEY-----,oHSvwTUO5ZaSEbwXhYJo60yyOgsd/BrPO95hdxnWCdJJktNgkyw+OUK6SNckl4F76nzFIzu8C4R7abNPH3VDiXJ3pmYwyfTwhEZKzI0P5tP0lqrl6l/EGYo2/y1re1jAcHIrBFJ/qOcyf/wdr1KrPT6V60uYUUNf2gvXKU/W8X6N3mfcfRIKacUyIKZuuAs3hrHEHry4Y8GZHhJHYPPsO4lYUKW0ZguROA/8vyMD+3kXsPI3ZGONhzvGXnI11oX/h3uKNupZJRjRjuerpVzuJKoH1EdUilkbREQgG2FPrHqXL7zoJtzZTpyd58lk9mB6v+SkerKVPR1U2Qn2eoRyRA==,Relation,narrows,https://sandbox.cassproject.org/api/custom/data/schema.cassproject.org.0.3.Competency/f895705f-828f-4da3-94b8-ba5772db29d9,https://sandbox.cassproject.org/api/custom/data/schema.cassproject.org.0.3.Competency/93dabc4c-a24f-436a-9d2e-2a2b9a94ec68
http://schema.cassproject.org/0.3,https://sandbox.cassproject.org/api/custom/data/schema.cassproject.org.0.3.Relation/88ead71c-506a-4d72-916f-48770735b87c/1522270364490,-----BEGIN PUBLIC KEY-----MIIBIjANBgkqhkiG9w0BAQEFAAOCAQ8AMIIBCgKCAQEApTxgJ6CusNFf2G07gZuMmLvPjeQnY/35pX52YN+s1o48fAHT45ryLMfHnPKPBPr6KEmHtt4vQNsh5gvx8AjpHxAltKPDqe93As8ojKVEdM30VIqImM2raBuXgbJRpuUdynVCM94+uFaeSdQhvTgGoWt0qqsJ8xlaNFMEm0Bm8ExfXSRMA+8B7oFuG6qAqW3LhwRwUhbaDLqcs5kHle4jB3PaSVLGppGWNXhpzzVM9Dt4BFKyDRKiRLf8mEkInG+VyFC0YWKQdazoe8wVVHyJD5FEVB9ptqT0PcVeU3uEip1dAtSOMoSSmCIvasS+XuNIyd6pi3QlW8jTlemqELgUcwIDAQAB-----END PUBLIC KEY-----,H2ro/d9BrZ7k8dyDrVPzSKjWVhsxpdpzb1ZqA6uwSVMUAQWjb/kGb9YP2Omyk92d1ZWjt8hoagaR5B3JtUV6yNWxyOhMap45TGZrT1qdXAGhgiOWyU5r2AvHrsFAZhj0HlgQK4U6d5Cs2kzvpPBZeUaIHyO27bPR09wK0yqCNnUS8uNW4KSx0xSdqnISvVB3hOa/YjSX0Y5v2toU4Fo7XZqlfUxad7NhqbOeSLAPtisJwsK/xWVEmYNoGrDqW9tuxOt+rspRyFsWV//ta5Ox/M4ziWOqb46Flk+hXddU+fsmKpRzGE0IKcdSjJpVfgu8RiBhuYCkPp9cCbOMSYayxw==,Relation,narrows,https://sandbox.cassproject.org/api/custom/data/schema.cassproject.org.0.3.Competency/f7de4e85-5cc5-44d5-bb5f-5ca96655e585,https://sandbox.cassproject.org/api/custom/data/schema.cassproject.org.0.3.Competency/3db2a927-02ec-4834-b707-f195b0138f4e
http://schema.cassproject.org/0.3,https://sandbox.cassproject.org/api/custom/data/schema.cassproject.org.0.3.Relation/8c5f0377-bbf5-4dd8-9095-a862121816be/1522270369462,-----BEGIN PUBLIC KEY-----MIIBIjANBgkqhkiG9w0BAQEFAAOCAQ8AMIIBCgKCAQEApTxgJ6CusNFf2G07gZuMmLvPjeQnY/35pX52YN+s1o48fAHT45ryLMfHnPKPBPr6KEmHtt4vQNsh5gvx8AjpHxAltKPDqe93As8ojKVEdM30VIqImM2raBuXgbJRpuUdynVCM94+uFaeSdQhvTgGoWt0qqsJ8xlaNFMEm0Bm8ExfXSRMA+8B7oFuG6qAqW3LhwRwUhbaDLqcs5kHle4jB3PaSVLGppGWNXhpzzVM9Dt4BFKyDRKiRLf8mEkInG+VyFC0YWKQdazoe8wVVHyJD5FEVB9ptqT0PcVeU3uEip1dAtSOMoSSmCIvasS+XuNIyd6pi3QlW8jTlemqELgUcwIDAQAB-----END PUBLIC KEY-----,TmaxGIW2gqIsygxvkCBDrwM2Jh1zrPy+/2uG6Qz2a1Idyicr/Ufo7G2HlSTJ0/FB7hWhO9k8+MfCHZXKDq9OqoVhsTMZGb1RwCUb6ip2D5JAShcML8JUcsM5WIsoalf+TMPbjaYkVNx+BjijkSSdeNzrSiIglZFyen6vbCPqFe5mg0CP1NT+uNyok5QRJx8mueYrzQWTmpE3gvKGSQzbnd3HZ5E8CP2SAqFdvqa9oAWdtgozav53TyHfOu9dRqG/RZBGLubdfhrMvw9adLp1Upuv64LF0/80qJzGaUXfV6GXRvjJFHZYxpXxY4cYMNz7oCfpWecBmB4sQJoiV5bUkg==,Relation,narrows,https://sandbox.cassproject.org/api/custom/data/schema.cassproject.org.0.3.Competency/f3bba653-9ca8-4998-9858-4677037b6ae7,https://sandbox.cassproject.org/api/custom/data/schema.cassproject.org.0.3.Competency/3db2a927-02ec-4834-b707-f195b0138f4e
http://schema.cassproject.org/0.3,https://sandbox.cassproject.org/api/custom/data/schema.cassproject.org.0.3.Relation/1bafd83a-f846-4810-a388-a39c8a555cab/1522270377888,-----BEGIN PUBLIC KEY-----MIIBIjANBgkqhkiG9w0BAQEFAAOCAQ8AMIIBCgKCAQEApTxgJ6CusNFf2G07gZuMmLvPjeQnY/35pX52YN+s1o48fAHT45ryLMfHnPKPBPr6KEmHtt4vQNsh5gvx8AjpHxAltKPDqe93As8ojKVEdM30VIqImM2raBuXgbJRpuUdynVCM94+uFaeSdQhvTgGoWt0qqsJ8xlaNFMEm0Bm8ExfXSRMA+8B7oFuG6qAqW3LhwRwUhbaDLqcs5kHle4jB3PaSVLGppGWNXhpzzVM9Dt4BFKyDRKiRLf8mEkInG+VyFC0YWKQdazoe8wVVHyJD5FEVB9ptqT0PcVeU3uEip1dAtSOMoSSmCIvasS+XuNIyd6pi3QlW8jTlemqELgUcwIDAQAB-----END PUBLIC KEY-----,C5Z4R37JZN56xR7FtteudblGDuzELMNwWUTCOHDwebt2Ih729BVUrZP23/LciPs2Ws6av6GLl5iFy4GoFPmMmcZyry9KfdgL+fn0zYq5k8rJqW5DVQYQznzvWhgVgtSuGiErfRzgK5u3tcTyLsIpzTOwrxDZei30Gqz6G1wmhs0i2reQy71MOWgqxs6aHPhNStBirYAdD/ZH1xiQS75Xps1RgLUBhWIjR6PUMWhUfBt3bhRrL58on3J7GpY6KbMdm/gWvF/CCLI1hHHU922tASVWZltQ/ftWMeWzqfh/yzgPtiI1hTnMK+9Jw2pt0n/QcZf6+qRha+8irjMIRLej+w==,Relation,narrows,https://sandbox.cassproject.org/api/custom/data/schema.cassproject.org.0.3.Competency/d30e36fb-c535-4982-9534-7ecc1aab6f31,https://sandbox.cassproject.org/api/custom/data/schema.cassproject.org.0.3.Competency/3db2a927-02ec-4834-b707-f195b0138f4e
http://schema.cassproject.org/0.3,https://sandbox.cassproject.org/api/custom/data/schema.cassproject.org.0.3.Relation/5954443e-0992-431f-9335-7634f32dbd0e/1522270385146,-----BEGIN PUBLIC KEY-----MIIBIjANBgkqhkiG9w0BAQEFAAOCAQ8AMIIBCgKCAQEApTxgJ6CusNFf2G07gZuMmLvPjeQnY/35pX52YN+s1o48fAHT45ryLMfHnPKPBPr6KEmHtt4vQNsh5gvx8AjpHxAltKPDqe93As8ojKVEdM30VIqImM2raBuXgbJRpuUdynVCM94+uFaeSdQhvTgGoWt0qqsJ8xlaNFMEm0Bm8ExfXSRMA+8B7oFuG6qAqW3LhwRwUhbaDLqcs5kHle4jB3PaSVLGppGWNXhpzzVM9Dt4BFKyDRKiRLf8mEkInG+VyFC0YWKQdazoe8wVVHyJD5FEVB9ptqT0PcVeU3uEip1dAtSOMoSSmCIvasS+XuNIyd6pi3QlW8jTlemqELgUcwIDAQAB-----END PUBLIC KEY-----,JPok8IEck2vBqqvlige/8k2CSvlBIjtl7u5M/RFs/6rHnlU9CEmky0+cvJMjNDQegy5BJG4b382urQUg+TewFuH9iTSPW8GOyjsXDSy4i96zagJdaohn8zo01LBgkuNOUSZSOGZzaUwHYoatKPh1lMfuBDswHCffQ8PWA15bwXPjZxTj5z/WjpBrMRBlcxL//lk0dD2k8VDAJs3worliFnzNP1WTC9DJcKPzN+9fHlqVGSGGS6+CtFF4Etx4FFSd+XVb+OolkbftmiEJ4Vn3JTQdWOHdoo5adklBukUFtsrGaYU1L/4ee1YMAgyVCgpTlopKEIzLOb+NdgCpqvzuAw==,Relation,narrows,https://sandbox.cassproject.org/api/custom/data/schema.cassproject.org.0.3.Competency/99723304-7156-4073-b0a2-8f8d201b2986,https://sandbox.cassproject.org/api/custom/data/schema.cassproject.org.0.3.Competency/0d367edd-4686-4e1b-9480-199784efa9ed
http://schema.cassproject.org/0.3,https://sandbox.cassproject.org/api/custom/data/schema.cassproject.org.0.3.Relation/7e1b8b02-5dc2-494e-bcec-66d0369a7962/1522270387298,-----BEGIN PUBLIC KEY-----MIIBIjANBgkqhkiG9w0BAQEFAAOCAQ8AMIIBCgKCAQEApTxgJ6CusNFf2G07gZuMmLvPjeQnY/35pX52YN+s1o48fAHT45ryLMfHnPKPBPr6KEmHtt4vQNsh5gvx8AjpHxAltKPDqe93As8ojKVEdM30VIqImM2raBuXgbJRpuUdynVCM94+uFaeSdQhvTgGoWt0qqsJ8xlaNFMEm0Bm8ExfXSRMA+8B7oFuG6qAqW3LhwRwUhbaDLqcs5kHle4jB3PaSVLGppGWNXhpzzVM9Dt4BFKyDRKiRLf8mEkInG+VyFC0YWKQdazoe8wVVHyJD5FEVB9ptqT0PcVeU3uEip1dAtSOMoSSmCIvasS+XuNIyd6pi3QlW8jTlemqELgUcwIDAQAB-----END PUBLIC KEY-----,Pja8Sseisr37uAbj/X6BIY7Cj0BbFS9GWz/KQouoELYY8oMiMXop0Y50IsFekeOsyDW2EBnQtPrXo9E6kSi0kfdhn7wWmgjhFkAlGydrDxnW028ywyf4iVFFYXte7HHmyvjuZItznLcG6BZ/pL2wJglR8pxo1R74nnyRrDeA6M4VeSgtp6QmuAqtUBiNdmSCE4sx8igwpKV8mFHfoxk9afpNifWmhf0kxWKtSlhRcP77AfBXXrH//BmLhCLwPMxB5ocDpwtsmZjdv6HM4YaFB8sFLwjRWcvylF6/vBhssofQyoXzZIuovWXvToi4pOL1afG+8w4sQ1RoL44xN4ocYA==,Relation,narrows,https://sandbox.cassproject.org/api/custom/data/schema.cassproject.org.0.3.Competency/5475fa06-cb82-419e-8514-0527029c69b1,https://sandbox.cassproject.org/api/custom/data/schema.cassproject.org.0.3.Competency/0d367edd-4686-4e1b-9480-199784efa9ed
http://schema.cassproject.org/0.3,https://sandbox.cassproject.org/api/custom/data/schema.cassproject.org.0.3.Relation/ee458d65-7884-4c49-8d38-7dcb13da36a5/1522270389565,-----BEGIN PUBLIC KEY-----MIIBIjANBgkqhkiG9w0BAQEFAAOCAQ8AMIIBCgKCAQEApTxgJ6CusNFf2G07gZuMmLvPjeQnY/35pX52YN+s1o48fAHT45ryLMfHnPKPBPr6KEmHtt4vQNsh5gvx8AjpHxAltKPDqe93As8ojKVEdM30VIqImM2raBuXgbJRpuUdynVCM94+uFaeSdQhvTgGoWt0qqsJ8xlaNFMEm0Bm8ExfXSRMA+8B7oFuG6qAqW3LhwRwUhbaDLqcs5kHle4jB3PaSVLGppGWNXhpzzVM9Dt4BFKyDRKiRLf8mEkInG+VyFC0YWKQdazoe8wVVHyJD5FEVB9ptqT0PcVeU3uEip1dAtSOMoSSmCIvasS+XuNIyd6pi3QlW8jTlemqELgUcwIDAQAB-----END PUBLIC KEY-----,ca0tmPFVouEs2fyQczykW5YfzJ5eGVmsnsGGuUysfJa34blzZPLjZQiEZ1m6dl4tmIF49QfpMR6gBRKjfSqkGpr0r6F4tLF2+PXn92bBrsKjGXa3/DDFu4GItM8fpk3YdUjhZjMyXLMVXHmWOK2mlg10/C8hm9JpgZtWigAPm629O0psJ4kk5m43kK64ay1RtrTq7afGBg2lyloITX9V32j1s1Hf34gpDOaS3Ik1deCOZrHQgeBnwZ4ugMChu2t941jq4fyUYTrJA+1BjgYs7KMrGlnzr9XW5ewzP1JAYRWmNvxFZZdrEGRL/Agab/QUnSxrhE7nb7y7SjA+R0hwxA==,Relation,narrows,https://sandbox.cassproject.org/api/custom/data/schema.cassproject.org.0.3.Competency/b25ba096-f8e9-400f-85ae-220f99662fed,https://sandbox.cassproject.org/api/custom/data/schema.cassproject.org.0.3.Competency/0d367edd-4686-4e1b-9480-199784efa9ed
http://schema.cassproject.org/0.3,https://sandbox.cassproject.org/api/custom/data/schema.cassproject.org.0.3.Relation/888924a3-597d-4da5-9cc3-82abc4d8b79d/1522270407321,-----BEGIN PUBLIC KEY-----MIIBIjANBgkqhkiG9w0BAQEFAAOCAQ8AMIIBCgKCAQEApTxgJ6CusNFf2G07gZuMmLvPjeQnY/35pX52YN+s1o48fAHT45ryLMfHnPKPBPr6KEmHtt4vQNsh5gvx8AjpHxAltKPDqe93As8ojKVEdM30VIqImM2raBuXgbJRpuUdynVCM94+uFaeSdQhvTgGoWt0qqsJ8xlaNFMEm0Bm8ExfXSRMA+8B7oFuG6qAqW3LhwRwUhbaDLqcs5kHle4jB3PaSVLGppGWNXhpzzVM9Dt4BFKyDRKiRLf8mEkInG+VyFC0YWKQdazoe8wVVHyJD5FEVB9ptqT0PcVeU3uEip1dAtSOMoSSmCIvasS+XuNIyd6pi3QlW8jTlemqELgUcwIDAQAB-----END PUBLIC KEY-----,MXopjxokxMpDvDDQ3KBmbTmiibxM4iEHsNmgeZ0G/rZSIQgpmpurSqAQwNlCMLdJTMXRHumtTJydZKN5hJ9dWXUsTyK5So6dDnnT+mKqpUtElVx6/CzrPheT1Le/S8VtzfuKSnP1lPX8GFNxk3KO6kwXw1dozQcW6BMlW5pFISN7avWBZyG0rkNxWc/HmB+ZQikMVsZ/1j9bu3P/4Rjsfl6/zmMXcsuHv862HNuQ9VI9n2OmM8rt0hf7qKYKLm/e0xFEa8KeMWS8QvnmitjCktvdYSCM5s/GvlQQIop6I4H3q+IDbXGiMivZyGEzw7FSBAmutgVvSKOz6ReW4VF8cg==,Relation,narrows,https://sandbox.cassproject.org/api/custom/data/schema.cassproject.org.0.3.Competency/d141c199-d7dc-4af7-8e3c-0ab9509e8ce3,https://sandbox.cassproject.org/api/custom/data/schema.cassproject.org.0.3.Competency/dbb48581-b4ed-4bb7-8391-8d14fbedc9c5
http://schema.cassproject.org/0.3,https://sandbox.cassproject.org/api/custom/data/schema.cassproject.org.0.3.Relation/7dcfae24-089d-45b0-a80a-3aac7d7bcf36/1522270410247,-----BEGIN PUBLIC KEY-----MIIBIjANBgkqhkiG9w0BAQEFAAOCAQ8AMIIBCgKCAQEApTxgJ6CusNFf2G07gZuMmLvPjeQnY/35pX52YN+s1o48fAHT45ryLMfHnPKPBPr6KEmHtt4vQNsh5gvx8AjpHxAltKPDqe93As8ojKVEdM30VIqImM2raBuXgbJRpuUdynVCM94+uFaeSdQhvTgGoWt0qqsJ8xlaNFMEm0Bm8ExfXSRMA+8B7oFuG6qAqW3LhwRwUhbaDLqcs5kHle4jB3PaSVLGppGWNXhpzzVM9Dt4BFKyDRKiRLf8mEkInG+VyFC0YWKQdazoe8wVVHyJD5FEVB9ptqT0PcVeU3uEip1dAtSOMoSSmCIvasS+XuNIyd6pi3QlW8jTlemqELgUcwIDAQAB-----END PUBLIC KEY-----,aB7sWiBOiK3vCNs8hquA8pQnNLZplhCO3uA6trjr+qRG/mYsmoLWokL/H5A78a+18PY6W9w4cmo5Um+rCiFbNOQwQ2iQ9+QsH0gIRHX6+RMlP1xzHmxaAzf/cCvuZsbQPkNqjT5Qehx56qJxFyTwMLGxMCi7lQj0VFFfRw+RIXEfee4GiZWTD/KEZfANzv4Fahir+nB7DNX/nYbhlfrBqc2Po228kgcdXAudFuq2fpVPOshbDGPwVfCYU+vBwzGTSS7Jqdn7fbf6nkjfpGVcc6hmeaFPORf87+FXtqjUjdOpGPwl7WCo/Bsltyi74epup8xZKF8DKoS75PZvsXK6jQ==,Relation,narrows,https://sandbox.cassproject.org/api/custom/data/schema.cassproject.org.0.3.Competency/2f1ec999-061b-4565-8054-210b4dae28e9,https://sandbox.cassproject.org/api/custom/data/schema.cassproject.org.0.3.Competency/dbb48581-b4ed-4bb7-8391-8d14fbedc9c5
http://schema.cassproject.org/0.3,https://sandbox.cassproject.org/api/custom/data/schema.cassproject.org.0.3.Relation/d2ed3778-ea43-4ff7-8b77-78fbffbe7e1c/1522270412725,-----BEGIN PUBLIC KEY-----MIIBIjANBgkqhkiG9w0BAQEFAAOCAQ8AMIIBCgKCAQEApTxgJ6CusNFf2G07gZuMmLvPjeQnY/35pX52YN+s1o48fAHT45ryLMfHnPKPBPr6KEmHtt4vQNsh5gvx8AjpHxAltKPDqe93As8ojKVEdM30VIqImM2raBuXgbJRpuUdynVCM94+uFaeSdQhvTgGoWt0qqsJ8xlaNFMEm0Bm8ExfXSRMA+8B7oFuG6qAqW3LhwRwUhbaDLqcs5kHle4jB3PaSVLGppGWNXhpzzVM9Dt4BFKyDRKiRLf8mEkInG+VyFC0YWKQdazoe8wVVHyJD5FEVB9ptqT0PcVeU3uEip1dAtSOMoSSmCIvasS+XuNIyd6pi3QlW8jTlemqELgUcwIDAQAB-----END PUBLIC KEY-----,XbNjInn/HC28ermrO4yW5vHhiZCCoUf+l7jtkoViCD4fx7wBAm6Em1tvo2er+it4qDpdeybXa9NSpvLiAfS6/VHG7bh/N1tPoEiijwtdJygouyhng+Fod8oBOe8OhovftEWgHmbwrthJ3vTq1ruG2HEKrO04nPfMEIb9/nuUNZhF/1+riCjkmDswZHKZw6sxs1XWI9pCuG13nQk1RJGxiDv7iwG1tZhd0TZgCARV/IrA5eynzFpqhe763quuFq81erXMD539StlUy3hFR/BTQhOOs9+2oItkeOs4eCb9Wcs6X6Q/hdUPvY3ubxfDD31GHyRkIxyF4DiMcoH+Ds6kPg==,Relation,narrows,https://sandbox.cassproject.org/api/custom/data/schema.cassproject.org.0.3.Competency/0ed7f3b1-5eee-4fe6-bafb-5705a1ab4f0e,https://sandbox.cassproject.org/api/custom/data/schema.cassproject.org.0.3.Competency/dbb48581-b4ed-4bb7-8391-8d14fbedc9c5
http://schema.cassproject.org/0.3,https://sandbox.cassproject.org/api/custom/data/schema.cassproject.org.0.3.Relation/19065b87-dcdb-416d-a755-03e2b8ac15be/1522270417611,-----BEGIN PUBLIC KEY-----MIIBIjANBgkqhkiG9w0BAQEFAAOCAQ8AMIIBCgKCAQEApTxgJ6CusNFf2G07gZuMmLvPjeQnY/35pX52YN+s1o48fAHT45ryLMfHnPKPBPr6KEmHtt4vQNsh5gvx8AjpHxAltKPDqe93As8ojKVEdM30VIqImM2raBuXgbJRpuUdynVCM94+uFaeSdQhvTgGoWt0qqsJ8xlaNFMEm0Bm8ExfXSRMA+8B7oFuG6qAqW3LhwRwUhbaDLqcs5kHle4jB3PaSVLGppGWNXhpzzVM9Dt4BFKyDRKiRLf8mEkInG+VyFC0YWKQdazoe8wVVHyJD5FEVB9ptqT0PcVeU3uEip1dAtSOMoSSmCIvasS+XuNIyd6pi3QlW8jTlemqELgUcwIDAQAB-----END PUBLIC KEY-----,hn1UGAN+XUFuzAqz4jVZAx/GCcCqyQrq0O0HtWuVIpktZNozP/ooPnB3bFYvfmqQruoszJJuHKRAtOQYrc1JGS9tEAJ7OlAma7ihQIfaKln6uFwsEf4r2PPlUYz99apWq2Wsz/UhPE7Bhyk5jRjG2HaHUG9Cj4fUOJfriyvdcNlifSY7aVm7X50Tyz2rzMW9Cc+cJuSex1MK8ESbcPQbDXwEucXAQXcE2pz5AUbFdtXe8Z4C7EfGnj0aBeKFl6FEOHO9HR5EJUhwlu3dt59wJppt60lICmqlDHTgGDgbM9E2yVyc15+9yTcHcjnjlAIE1yjBKtpMbJkv4fposNckEw==,Relation,narrows,https://sandbox.cassproject.org/api/custom/data/schema.cassproject.org.0.3.Competency/7c01effb-3655-4447-ae3c-b0b7a0f4d8e6,https://sandbox.cassproject.org/api/custom/data/schema.cassproject.org.0.3.Competency/9eccb1e9-eecf-4285-a1c6-ed6fc1de0bac
http://schema.cassproject.org/0.3,https://sandbox.cassproject.org/api/custom/data/schema.cassproject.org.0.3.Relation/15d5f6f0-7dbe-4069-a639-500dedb87aae/1522270419729,-----BEGIN PUBLIC KEY-----MIIBIjANBgkqhkiG9w0BAQEFAAOCAQ8AMIIBCgKCAQEApTxgJ6CusNFf2G07gZuMmLvPjeQnY/35pX52YN+s1o48fAHT45ryLMfHnPKPBPr6KEmHtt4vQNsh5gvx8AjpHxAltKPDqe93As8ojKVEdM30VIqImM2raBuXgbJRpuUdynVCM94+uFaeSdQhvTgGoWt0qqsJ8xlaNFMEm0Bm8ExfXSRMA+8B7oFuG6qAqW3LhwRwUhbaDLqcs5kHle4jB3PaSVLGppGWNXhpzzVM9Dt4BFKyDRKiRLf8mEkInG+VyFC0YWKQdazoe8wVVHyJD5FEVB9ptqT0PcVeU3uEip1dAtSOMoSSmCIvasS+XuNIyd6pi3QlW8jTlemqELgUcwIDAQAB-----END PUBLIC KEY-----,ZY4vNIAOo5N2Pp6fUOpwK8eIBhxMqj39BzfPn1wCF48XkX32fgSqy8vqgzRofA8vXlECsoRPE7C2sjRRGVkaQcy8y4my1gMBUb0sJ3dfl3shBXZ8BDlGavvFRM6+JR9ZEPRz3PcHMQ3mDO1iGZ8gl/qKA8n1WyQWeHS76beYHDaxygrqgjNttJhYyMnrEnut72ciS3z36X8E+Zpszdau4dHe+315PZCk+L7ymWtOx9AWkbMZnCiUXMjIcaCj9TF87n3kKBT4Px1RR/UeNshYF8zmLDuSXo7kAjxJ7DNPj+runbbMaGtPJU1QL1ydZ65KIfEllZPTuMmbxPS6vtLlaA==,Relation,narrows,https://sandbox.cassproject.org/api/custom/data/schema.cassproject.org.0.3.Competency/e875ee63-0e6f-43e5-9fb0-47fcb58fbb1b,https://sandbox.cassproject.org/api/custom/data/schema.cassproject.org.0.3.Competency/9eccb1e9-eecf-4285-a1c6-ed6fc1de0bac
http://schema.cassproject.org/0.3,https://sandbox.cassproject.org/api/custom/data/schema.cassproject.org.0.3.Relation/e12d3c78-2f8a-4fee-9760-737e7b96268a/1522270421570,-----BEGIN PUBLIC KEY-----MIIBIjANBgkqhkiG9w0BAQEFAAOCAQ8AMIIBCgKCAQEApTxgJ6CusNFf2G07gZuMmLvPjeQnY/35pX52YN+s1o48fAHT45ryLMfHnPKPBPr6KEmHtt4vQNsh5gvx8AjpHxAltKPDqe93As8ojKVEdM30VIqImM2raBuXgbJRpuUdynVCM94+uFaeSdQhvTgGoWt0qqsJ8xlaNFMEm0Bm8ExfXSRMA+8B7oFuG6qAqW3LhwRwUhbaDLqcs5kHle4jB3PaSVLGppGWNXhpzzVM9Dt4BFKyDRKiRLf8mEkInG+VyFC0YWKQdazoe8wVVHyJD5FEVB9ptqT0PcVeU3uEip1dAtSOMoSSmCIvasS+XuNIyd6pi3QlW8jTlemqELgUcwIDAQAB-----END PUBLIC KEY-----,FoYAe9hrZ3XlhZe2knAJlhahg7In/rXBXYnLHJwVIAT4JwLU2YnU4LX+ZwgCjCOzpvCpG2Rpnj64pW0kPcnyMHOzKc3Epkhg3MhCG6E555orjVYtZo9uMKpvRtUsh0mvgmtUbQ0gf26b27UT5KbPT1+JauJNHQVh5gaZC2wAQaLxVfophhUSKepiJntI2bK/ju4tA5wGAvZGl7YCpW2bosvQWFR+rX3uvIeisNwyR8mojoyB+gCaBXL6qjdN83OA50O00/EMTEB30O20afAI5QREKW9BG46tAbFwEU3M8maLHMRZaKStJnxHkzp6sRMZONsCr/cmYE6eqP30CTc3RA==,Relation,narrows,https://sandbox.cassproject.org/api/custom/data/schema.cassproject.org.0.3.Competency/00fe39cc-8952-4d69-8e4f-d749553b4cb4,https://sandbox.cassproject.org/api/custom/data/schema.cassproject.org.0.3.Competency/9eccb1e9-eecf-4285-a1c6-ed6fc1de0bac
http://schema.cassproject.org/0.3,https://sandbox.cassproject.org/api/data/schema.cassproject.org.0.3.Relation/da666be9-b694-472c-b003-3cffe8eceb2c/1526659317104,-----BEGIN PUBLIC KEY-----MIIBIjANBgkqhkiG9w0BAQEFAAOCAQ8AMIIBCgKCAQEApTxgJ6CusNFf2G07gZuMmLvPjeQnY/35pX52YN+s1o48fAHT45ryLMfHnPKPBPr6KEmHtt4vQNsh5gvx8AjpHxAltKPDqe93As8ojKVEdM30VIqImM2raBuXgbJRpuUdynVCM94+uFaeSdQhvTgGoWt0qqsJ8xlaNFMEm0Bm8ExfXSRMA+8B7oFuG6qAqW3LhwRwUhbaDLqcs5kHle4jB3PaSVLGppGWNXhpzzVM9Dt4BFKyDRKiRLf8mEkInG+VyFC0YWKQdazoe8wVVHyJD5FEVB9ptqT0PcVeU3uEip1dAtSOMoSSmCIvasS+XuNIyd6pi3QlW8jTlemqELgUcwIDAQAB-----END PUBLIC KEY-----,ExKe7Bh2O+SoRFrdfMm+LcwtNIaHLshrad24OkGosvTp82Kk70Ru7ZANCp9HR4LPJ4I6QHo2wiCeGvmtK4nkewqVUKKIXkZeGcgM65H9wL+07wmjEJO/uaPkmfUL8r/gb/DY5u6AlfweLAjylzgGcG0eP2oDoZr/IEbL6R8LEjynEiEeIjv2xnYrHzrRPP73x+pASRt2roLtIXS/6MXRol68yqXt0VYp0jriVILyu9MvT61po8+CghY9pGjSoY6s3FfRSo8Atiq0ji9cg4e8Q7IWm7j53VVDsqG7jpUGUM4iPpq0cfk5bEGkeYvuzseS/NeDOh7nO974F+CQnhsMfA==,Relation,desires,https://sandbox.cassproject.org/api/custom/data/schema.cassproject.org.0.3.Competency/9eccb1e9-eecf-4285-a1c6-ed6fc1de0bac,https://sandbox.cassproject.org/api/custom/data/schema.cassproject.org.0.3.Competency/d288fad0-b7db-4198-8c4d-2fd3c8c7a571
http://schema.cassproject.org/0.3,https://sandbox.cassproject.org/api/data/schema.cassproject.org.0.3.Relation/2c715865-5661-45da-acb0-f5892d653255/1526659317183,-----BEGIN PUBLIC KEY-----MIIBIjANBgkqhkiG9w0BAQEFAAOCAQ8AMIIBCgKCAQEApTxgJ6CusNFf2G07gZuMmLvPjeQnY/35pX52YN+s1o48fAHT45ryLMfHnPKPBPr6KEmHtt4vQNsh5gvx8AjpHxAltKPDqe93As8ojKVEdM30VIqImM2raBuXgbJRpuUdynVCM94+uFaeSdQhvTgGoWt0qqsJ8xlaNFMEm0Bm8ExfXSRMA+8B7oFuG6qAqW3LhwRwUhbaDLqcs5kHle4jB3PaSVLGppGWNXhpzzVM9Dt4BFKyDRKiRLf8mEkInG+VyFC0YWKQdazoe8wVVHyJD5FEVB9ptqT0PcVeU3uEip1dAtSOMoSSmCIvasS+XuNIyd6pi3QlW8jTlemqELgUcwIDAQAB-----END PUBLIC KEY-----,EH1yx5u7t0xlFGCeC50oK+gWLYNrSNVIT0bIWtfGinQJoEnunPz/DPls1qgCtdv/iZ5Zl5A9idyx6472WAQgxUKYSX9pXKY379eczj4VMxybkpX4xc0kk2uhBwCvgU9ffAFMQmvsSy9VCTiZ3i3CdmpIstwJBB+ilOlma1OHiWCjYeuFKwT7QsIv06FgYklRvtobqOZ0Lp+CtxCKxVbLRFMLkubHfDh0YPRtpcjza7AK4a+To/o2Zk4EeDjzoqKdzVii5SxVUKUL6KjhvAm5PBciyBKcs+K1r+qf3FVCR/HYpryn9Rf4pu9Z6/BOS+XFOjc0cpTwWvAECeuyg5Qyeg==,Relation,desires,https://sandbox.cassproject.org/api/custom/data/schema.cassproject.org.0.3.Competency/9eccb1e9-eecf-4285-a1c6-ed6fc1de0bac,https://sandbox.cassproject.org/api/custom/data/schema.cassproject.org.0.3.Competency/6da3003b-48c4-4ec6-b3b6-bee2c14af4e9
http://schema.cassproject.org/0.3,https://sandbox.cassproject.org/api/data/schema.cassproject.org.0.3.Relation/e0e1db08-119b-41e7-ac1c-91e35512150a/1526659317248,-----BEGIN PUBLIC KEY-----MIIBIjANBgkqhkiG9w0BAQEFAAOCAQ8AMIIBCgKCAQEApTxgJ6CusNFf2G07gZuMmLvPjeQnY/35pX52YN+s1o48fAHT45ryLMfHnPKPBPr6KEmHtt4vQNsh5gvx8AjpHxAltKPDqe93As8ojKVEdM30VIqImM2raBuXgbJRpuUdynVCM94+uFaeSdQhvTgGoWt0qqsJ8xlaNFMEm0Bm8ExfXSRMA+8B7oFuG6qAqW3LhwRwUhbaDLqcs5kHle4jB3PaSVLGppGWNXhpzzVM9Dt4BFKyDRKiRLf8mEkInG+VyFC0YWKQdazoe8wVVHyJD5FEVB9ptqT0PcVeU3uEip1dAtSOMoSSmCIvasS+XuNIyd6pi3QlW8jTlemqELgUcwIDAQAB-----END PUBLIC KEY-----,BSl3KJYPKDFEl1KgByU04PliZj88hTb+22NnohcRe1+2Em4PbWJExvxIErz/jrphLSVVxzSaqJ+LWojjPFTB2iQOjekpyIjY3TXEbmZYS78V52hug5/6P89eZKcM4rGr10k9OVqDa20L594W2M0mcaxhqLQJkP8/qusXsvjx388XLctFMi4odDuAR4jnPZh/qZQmpmAxTtLk9dt88HxDLGNScf7UexvcR4UEeKch5oJaLXrJPgRqCXW8BQbX0lzz+WN761dwHiMujqZwttMZr4ZJ+UNF7wfvJoyfYmL6BUWQDcsUG8TO+EJBKJxl9sBNzMJ4xt1WGnMWOL/3BXU2Jw==,Relation,desires,https://sandbox.cassproject.org/api/custom/data/schema.cassproject.org.0.3.Competency/9eccb1e9-eecf-4285-a1c6-ed6fc1de0bac,https://sandbox.cassproject.org/api/custom/data/schema.cassproject.org.0.3.Competency/0074f70c-78dd-4ceb-9a2d-c23723b5e474
http://schema.cassproject.org/0.3,https://sandbox.cassproject.org/api/data/schema.cassproject.org.0.3.Relation/9722023a-b803-4476-b129-2a2152f1a0cd/1526659317310,-----BEGIN PUBLIC KEY-----MIIBIjANBgkqhkiG9w0BAQEFAAOCAQ8AMIIBCgKCAQEApTxgJ6CusNFf2G07gZuMmLvPjeQnY/35pX52YN+s1o48fAHT45ryLMfHnPKPBPr6KEmHtt4vQNsh5gvx8AjpHxAltKPDqe93As8ojKVEdM30VIqImM2raBuXgbJRpuUdynVCM94+uFaeSdQhvTgGoWt0qqsJ8xlaNFMEm0Bm8ExfXSRMA+8B7oFuG6qAqW3LhwRwUhbaDLqcs5kHle4jB3PaSVLGppGWNXhpzzVM9Dt4BFKyDRKiRLf8mEkInG+VyFC0YWKQdazoe8wVVHyJD5FEVB9ptqT0PcVeU3uEip1dAtSOMoSSmCIvasS+XuNIyd6pi3QlW8jTlemqELgUcwIDAQAB-----END PUBLIC KEY-----,PeGG7/JVsP5ld1TfLNanF5HxPyWkuEH0Vnp2HBoXPuWzAyv5R9dvR91bSwTqim24iKgtNek9lNGtOVFR8TiB1Qm4YyMaPudLDSDUA5zFhAuIxunGdR2vCw8PgP3AVjjxsPhLsILSVwcDQ2vFFy3f6/L31PA8j96vkuygjr19VDO0488106oM8u4Txp3VcBeeSOtUUkStlZlrVNafcUYBrvW4cy8yIwkZD/jV8kwpcY0h0MIoSTUnPpewa3l2tlyomX1Y/KoJM0SyePJFhWExIzspaZtPFcevQmJ9Uz/GIeq+Qc5icaRr00nB8IkMDazOUmsSjuQtqKHvZeYbbyw7FA==,Relation,desires,https://sandbox.cassproject.org/api/custom/data/schema.cassproject.org.0.3.Competency/dbb48581-b4ed-4bb7-8391-8d14fbedc9c5,https://sandbox.cassproject.org/api/custom/data/schema.cassproject.org.0.3.Competency/d288fad0-b7db-4198-8c4d-2fd3c8c7a571
http://schema.cassproject.org/0.3,https://sandbox.cassproject.org/api/data/schema.cassproject.org.0.3.Relation/fbd8ffb8-ce9a-40ff-9fcb-ddc30c90f55d/1526659317360,-----BEGIN PUBLIC KEY-----MIIBIjANBgkqhkiG9w0BAQEFAAOCAQ8AMIIBCgKCAQEApTxgJ6CusNFf2G07gZuMmLvPjeQnY/35pX52YN+s1o48fAHT45ryLMfHnPKPBPr6KEmHtt4vQNsh5gvx8AjpHxAltKPDqe93As8ojKVEdM30VIqImM2raBuXgbJRpuUdynVCM94+uFaeSdQhvTgGoWt0qqsJ8xlaNFMEm0Bm8ExfXSRMA+8B7oFuG6qAqW3LhwRwUhbaDLqcs5kHle4jB3PaSVLGppGWNXhpzzVM9Dt4BFKyDRKiRLf8mEkInG+VyFC0YWKQdazoe8wVVHyJD5FEVB9ptqT0PcVeU3uEip1dAtSOMoSSmCIvasS+XuNIyd6pi3QlW8jTlemqELgUcwIDAQAB-----END PUBLIC KEY-----,kemo22bo+22h6hMCp/ZRf1/Kvq3xRJLJx+v7jTFVUqmSMiFpZZ+yi7T6g4WPqbLbzghrYgxJrKzYdqcuITFxJ7RbVG/9jyxKiWiqlp5Dn001SU7Ye84TpH+veNoSakfMbyKKtxu4q82EfGc1kK0DC8+742/pa0EZVIKliKn5sKy1NjJMtOSGKF0SVoCkcHiBZzK1DlcVeOyapwyDsKBmxIK/KQACJ0+0yIh3FpW0zytAgfARdhlj6GNyKDjJfR0K2ewhrsQFFM2XqxKmH6e0wC50EpSAon+HcS+h1r2+fUseHZwTBVmokm88j8iDG2pPz6GKoNcL6YZAKtKTI/UGUQ==,Relation,desires,https://sandbox.cassproject.org/api/custom/data/schema.cassproject.org.0.3.Competency/dbb48581-b4ed-4bb7-8391-8d14fbedc9c5,https://sandbox.cassproject.org/api/custom/data/schema.cassproject.org.0.3.Competency/6da3003b-48c4-4ec6-b3b6-bee2c14af4e9
http://schema.cassproject.org/0.3,https://sandbox.cassproject.org/api/data/schema.cassproject.org.0.3.Relation/fd90c2bb-60b0-4027-a6d9-98d2552f69b6/1526659317414,-----BEGIN PUBLIC KEY-----MIIBIjANBgkqhkiG9w0BAQEFAAOCAQ8AMIIBCgKCAQEApTxgJ6CusNFf2G07gZuMmLvPjeQnY/35pX52YN+s1o48fAHT45ryLMfHnPKPBPr6KEmHtt4vQNsh5gvx8AjpHxAltKPDqe93As8ojKVEdM30VIqImM2raBuXgbJRpuUdynVCM94+uFaeSdQhvTgGoWt0qqsJ8xlaNFMEm0Bm8ExfXSRMA+8B7oFuG6qAqW3LhwRwUhbaDLqcs5kHle4jB3PaSVLGppGWNXhpzzVM9Dt4BFKyDRKiRLf8mEkInG+VyFC0YWKQdazoe8wVVHyJD5FEVB9ptqT0PcVeU3uEip1dAtSOMoSSmCIvasS+XuNIyd6pi3QlW8jTlemqELgUcwIDAQAB-----END PUBLIC KEY-----,A7uztDBf0FRZ5taNQpxuWIqGZVeqdORLsoqziA+JTz6D/gKOEYmu2aUzyNHy9subnGRd/37+WDry3/w0yx8KFW+ilcjtytl1wyFm5dO0vJzUfN/Zhj3wFOVDIaEALhvlabubLCixYzvR6OfqmTPfWjyqeFV9SplM9zkqldFNQ+zyaCalc99u6rolXUMRRkzF3WKKJcIHGq/Ii9etCSlnxvOk5X9WXStqUeJvPOmq99MtJFZfMCxvYdJ541uis+SDjr0gaiq1fqLxCjSC1VPaYXgBdkPSAEDSnvzNoBvs2FkctDsMMrM70x/SRA+fyMgiKc43CrVr7A+MMHdPd8xwvA==,Relation,desires,https://sandbox.cassproject.org/api/custom/data/schema.cassproject.org.0.3.Competency/dbb48581-b4ed-4bb7-8391-8d14fbedc9c5,https://sandbox.cassproject.org/api/custom/data/schema.cassproject.org.0.3.Competency/0074f70c-78dd-4ceb-9a2d-c23723b5e474